model,alfworld_precision,alfworld_recall,alfworld_f1_score,lumos_precision,lumos_recall,lumos_f1_score,os_precision,os_recall,os_f1_score,toolalpaca_precision,toolalpaca_recall,toolalpaca_f1_score,toolbench_precision,toolbench_recall,toolbench_f1_score,webshop_precision,webshop_recall,webshop_f1_score
qwen-2.5-7b-chat-magnitude-un0.5,0.0,0.0,0.0,0.0,0.0,0.0,0.0,0.0,0.0,0.0,0.0,0.0,0.0,0.0,0.0,0.0,0.0,0.0
MiniCPM3-4B,,,,,,,,,,,,,,,,,,
llama-3.1-8B-Instruct-W8A8-gptq,,,,,,,0.7775000000000001,0.865,0.7901695526695527,0.05806451612903226,0.06720430107526881,0.05748421232292201,0.0,0.0,0.0,0.5849624060150376,0.5852130325814539,0.57565755046958
llama-3.1-8B-Instruct-GPTQ-w4a16,0.25864171971850447,0.3319418295379833,0.27476156518844913,,,,0.7175,0.8791666666666668,0.7684992784992783,0.07258064516129033,0.09318996415770611,0.07739375320020482,0.0,0.0,0.0,0.007518796992481203,0.009523809523809523,0.008270676691729324
Mistral-7B-Instruct-v0.3-W8A8-gptq,0.6222394948356484,0.6349659421774807,0.6085404942701134,0.6650463147395667,0.6962605901256217,0.651302558863007,0.6558333333333334,0.8316666666666667,0.7094372294372293,0.0,0.0,0.0,0.0,0.0,0.0,0.7741138560687437,0.7028822055137847,0.7234037474638977
Qwen2.5-7B-Instruct-GPTQ-w4a16,0.47626992311428584,0.5356440567979031,0.48294152178635585,,,,0.7736904761904762,0.9316666666666666,0.8257570207570207,0.02329749103942652,0.020609318996415767,0.02150537634408602,0.0,0.0,0.0,0.805764411027569,0.6879699248120303,0.7350638501014439
Qwen2.5-3B-Instruct-GPTQ-Int4,,,,,,,0.6885714285714287,0.9049999999999999,0.7603363303363302,0.4831463637915251,0.6815412186379928,0.53687895139508,0.6637713564958146,0.7254385964912283,0.662363495185969,,,
internlm-2.5-7b-chat-magnitude-2-4-0.5,0.0,0.0,0.0,0.002385821404226312,0.0008520790729379685,0.0012010257409030413,0.6808333333333334,0.6533333333333332,0.6421825396825397,0.0,0.0,0.0,0.0,0.0,0.0,0.5307017543859647,0.45,0.48281417830289985
Megrez-3B-Instruct,0.0,0.0,0.0,0.0,0.0,0.0,0.7022619047619048,0.8158333333333333,0.7250541125541126,0.0,0.0,0.0,0.0,0.0,0.0,0.0,0.0,0.0
DeepSeek-R1-Distill-Qwen-1.5B,0.16293965227878074,0.30488661979046605,0.2018914502961929,0.5419842747973384,0.6323838737949162,0.5633465181329176,0.6866666666666666,0.845,0.7319011544011543,0.23989030682579066,0.5102150537634408,0.3153968843722164,0.0456140350877193,0.06652046783625731,0.05238095238095238,0.8020050125313289,0.6830827067669176,0.7308927079603771
internlm-2.5-7b-chat-sparsegpt-un0.5,0.4814280626780624,0.45800855127778195,0.4552672941555648,0.01147466484889798,0.005355925601324374,0.006981929681316185,0.7083333333333334,0.8324999999999999,0.7378066378066378,0.0,0.0,0.0,0.0,0.0,0.0,0.0,0.0,0.0
Mistral-7B-Instruct-v0.3-GPTQ-w4a16,0.5434313371813374,0.569640722525338,0.5353272873903515,0.6645812492438263,0.6911481156879933,0.6496685262022694,0.6708333333333334,0.8550000000000001,0.7287806637806636,0.0,0.0,0.0,0.0,0.0,0.0,0.8032223415682066,0.703759398496241,0.7429065086959824
internlm2_5-20b-chat,0.6141025641025643,0.593021615137,0.5878177183220056,,,,0.7216666666666668,0.8908333333333334,0.7758802308802307,,,,,,,0.5061403508771931,0.5825814536340853,0.5329557660384724
Qwen2.5-1.5B-Instruct-GPTQ-Int4,0.6296315374440373,0.45474664224664235,0.5090289682841482,0.7023574925415426,0.685256597526537,0.6722380720846995,0.7741666666666667,0.8366666666666667,0.7788780663780664,0.451028720383559,0.6412186379928314,0.5032521242198661,0.5016882483987747,0.7326023391812867,0.5752737515895406,0.8223684210526319,0.711027568922306,0.7554899152643513
internlm-2.5-7b-chat-wanda-2-4-0.5,0.19537927350427348,0.1935429421006343,0.18797210070533416,0.009429675073846852,0.004567143830947512,0.005833089882169637,0.7433333333333334,0.7716666666666667,0.7281096681096682,0.0,0.0,0.0,0.0,0.0,0.0,0.4110275689223056,0.3536340852130326,0.3771034729681344
gemma-2-2b-it,,,,,,,,,,,,,,,,,,
qwen-2.5-7b-chat-sparsegpt-2-4-0.5,0.596287393162393,0.4541655459924698,0.49932328942911214,0.5947143394414391,0.661427597623917,0.6060862109941874,0.8175000000000001,0.8133333333333335,0.780674603174603,0.0913978494623656,0.09767025089605735,0.09278033794162824,0.0,0.0,0.0,0.8151629072681709,0.7016290726817045,0.7474340613438357
qwen-2.5-7b-chat-wanda-un0.5,0.5523275335775336,0.5510775015582708,0.5214602896133396,0.6717132413927425,0.7315171876521579,0.6793769107644979,0.73,0.8366666666666667,0.7541847041847041,0.08333333333333334,0.07885304659498209,0.07782898105478751,0.0,0.0,0.0,0.7944921828380478,0.6948621553884715,0.7335438162505833
Qwen2.5-14B-Instruct-GPTQ-Int4,0.279185157790927,0.21744500157961752,0.2372628234514996,0.3588957055214732,0.383985782452041,0.35755385264587913,0.36000000000000004,0.5441666666666667,0.418553391053391,0.42849462365591406,0.3973118279569892,0.40002560163850476,0.23976608187134477,0.29926900584795324,0.2567878028404341,0.4887218045112784,0.41779448621553883,0.44665234514858543
Qwen2.5-3B-Instruct-AWQ,0.4119104986893451,0.4217009486240255,0.4009779180337605,,,,0.7541666666666668,0.8641666666666665,0.7759559884559885,0.5715139102235877,0.7143369175627242,0.6053874440971211,0.6922474455369192,0.7555555555555558,0.6949479127110701,0.2838692531361704,0.29999999999999993,0.27660002684735563
internlm2_5-20b-chat-4bit-awq,0.7006834867411796,0.6522226171264636,0.6567079703181922,,,,0.7749999999999999,0.845,0.7869516594516595,0.5056032677000419,0.6985663082437278,0.5564771548642513,,,,0.6533476548514144,0.680200501253133,0.6553662294263798
internlm-2.5-7b-chat-magnitude-un0.5,0.0,0.0,0.0,0.0,0.0,0.0,0.5375,0.45666666666666667,0.47968253968253965,0.0,0.0,0.0,0.0,0.0,0.0,0.0,0.0,0.0
Mistral-7B-Instruct-v0.3-awq-w4-g128-zp,0.5944004179581104,0.6304320145666306,0.5901932995794957,0.6679685402078044,0.7046742623429747,0.6597040932389193,0.7200000000000001,0.8566666666666667,0.7597943722943723,0.0,0.0,0.0,0.0,0.0,0.0,0.7854636591478702,0.6911027568922309,0.7275491843161016
Qwen2.5-7B-Instruct-awq-w4-g128-zp,0.546972677368123,0.5784765448226986,0.5402705420719592,0.5091265735637562,0.6427208102054731,0.5453151364355765,0.7716666666666667,0.9075,0.8096428571428571,0.07347670250896057,0.07258064516129033,0.06968766001024065,0.0,0.0,0.0,0.8070175438596494,0.7020050125313285,0.7440625372956201
Qwen2.5-32B-Instruct-AWQ,0.557708078958079,0.6189490530836687,0.5713754082677973,0.6917445710390492,0.6837520693348916,0.6620024902053058,0.8158333333333335,0.8966666666666667,0.8332070707070706,0.73773681515617,0.7125448028673835,0.7001885211562628,0.7394005847953214,0.7660818713450294,0.7230411888306623,0.8070175438596495,0.6947368421052633,0.7402733023033773
Qwen2.5-32B-Instruct,0.5523181679431681,0.6208135881212808,0.5693733134038534,,,,0.835,0.9133333333333333,0.8547005772005771,0.7388888888888889,0.7125448028673836,0.7021564457048325,0.7642230576441102,0.7875730994152048,0.7496519075466445,0.8170426065162912,0.7060150375939852,0.7507459124000476
Phi-3.5-mini-instruct,,,,,,,,,,,,,,,,,,
Qwen2.5-14B-Instruct,0.5473980079749311,0.586823806535345,0.5438083129618038,0.7055922605002358,0.7030480085694814,0.6742088738479936,0.8208333333333334,0.8758333333333332,0.8280627705627704,0.6272657450076804,0.6713261648745521,0.6189788109142945,0.76906236178682,0.742251461988304,0.728648008911167,0.7858395989974942,0.6749373433583964,0.715939741127711
qwen-2.5-7b-chat-wanda-2-4-0.5,0.5267045454545455,0.493569731550501,0.4932409504465352,0.6259746161586652,0.6794381147141888,0.6323103844576251,0.8219047619047618,0.8350000000000002,0.7899747474747473,0.08602150537634408,0.08512544802867383,0.08341013824884792,0.0,0.0,0.0,0.7794486215538853,0.6686716791979951,0.7135099653896646
Qwen2.5-7B-Instruct-W8A8-smooth0.8,0.46124919557737015,0.5579544920891076,0.4752058506744981,,,,0.766904761904762,0.9175000000000001,0.806144411144411,0.031541218637992835,0.04032258064516129,0.0347926267281106,0.0,0.0,0.0,0.8093984962406018,0.7042606516290729,0.7464792934717747
llama-3.1-8B-Instruct-awq-w4-g128-zp,0.5768491124260354,0.46419360553975936,0.4983478356929271,0.5442618560716717,0.7419661115980137,0.6100781404462393,0.7475,0.8941666666666667,0.7903643578643579,0.07741935483870967,0.08960573476702507,0.07826420890937019,0.0,0.0,0.0,0.7158521303258147,0.7025062656641605,0.7011771853877113
llama-3.1-8B-Instruct-W8A8-smooth0.8,,,,,,,0.7808333333333334,0.8591666666666669,0.7919733044733045,0.057526881720430106,0.07168458781362007,0.06108550947260624,0.0,0.0,0.0,0.569172932330827,0.5617794486215542,0.5571249552452557
internlm-2.5-7b-chat-wanda-un0.5,0.0,0.0,0.0,0.0,0.0,0.0,0.6866666666666668,0.7508333333333332,0.6917604617604618,0.0,0.0,0.0,0.0,0.0,0.0,0.0,0.0,0.0
Qwen2.5-32B-Instruct-GPTQ-Int4,0.5237548331298331,0.5758294590025359,0.5348003682019543,0.6362742233907877,0.6356802025513684,0.6130671759506121,0.8116666666666668,0.8925000000000001,0.8323051948051947,0.6916794674859192,0.6775985663082438,0.6622711816260202,0.7783208020050124,0.7685672514619885,0.749696210222526,0.803759398496241,0.6939849624060153,0.7379460556152285
Qwen2.5-1.5B-Instruct-AWQ,0.6059717526063682,0.497696801062186,0.529297401801272,0.6062372188139052,0.691333138572402,0.6288123901440404,0.775,0.8200000000000001,0.7682647907647906,0.3938769414575865,0.6865591397849461,0.48417944063105334,0.3913334472545,0.6169590643274854,0.4582675122148804,0.8157894736842107,0.6984962406015038,0.7457333810717268
DeepSeek-R1-Distill-Llama-8B,0.05072878510378509,0.04465811965811966,0.04662004662004662,0.004430811179277436,0.005112474437627812,0.004703476482617586,0.7991666666666666,0.8141666666666666,0.7724494949494951,0.16036354326676905,0.27508960573476704,0.1919348274186984,0.3102671207934366,0.4385964912280701,0.3446289334447229,0.3596491228070175,0.3082706766917293,0.3296037713330946
qwen-2.5-7b-chat-magnitude-2-4-0.5,0.0,0.0,0.0,0.0,0.0,0.0,0.0,0.0,0.0,0.0,0.0,0.0,0.0,0.0,0.0,0.0,0.0,0.0
Mistral-7B-Instruct-v0.3-W8A8-smooth0.8,0.6404650904650907,0.6265525606871762,0.6135138147891571,0.6631642159249524,0.6782646801051714,0.6426493631473794,0.6675,0.8466666666666667,0.7214033189033188,0.0,0.0,0.0,0.0,0.0,0.0,0.7743823845327608,0.7041353383458648,0.7259414770692967
internlm3-8b-instruct-awq,,,,,,,,,,,,,,,,,,
Qwen2.5-14B-Instruct-AWQ,0.6015844109594111,0.5796924763270918,0.5739785120668381,0.7603872496510533,0.665687992988607,0.6741662053011755,0.8058333333333334,0.89,0.8233441558441559,0.6567588325652841,0.6596774193548388,0.6296560070753617,0.7034670008354219,0.6640350877192983,0.6649818991924255,0.7983709273182962,0.699122807017544,0.737379162191192
Qwen2.5-1.5B-Instruct-GPTQ-Int8,0.6205535205535205,0.5159543981659369,0.5444086440367256,0.6565115071250045,0.7064125036517682,0.6604434079894216,0.7958333333333333,0.8383333333333333,0.7857647907647907,0.4394905273937532,0.6637992831541218,0.5031424756282439,0.4389967975494291,0.6764619883040935,0.5139185862870069,0.8132832080200505,0.7022556390977446,0.7469328082110038
internlm3-8b-instruct,,,,,,,,,,,,,,,,,,
internlm-2.5-7b-chat-sparsegpt-2-4-0.5,0.3317478817478817,0.4694109843148304,0.37575049029665575,0.3427363025522534,0.35978673678060175,0.3361152111918989,0.625,0.7783333333333333,0.6689285714285714,0.0,0.0,0.0,0.0,0.0,0.0,0.7644110275689228,0.6530075187969928,0.6981143334526796
DeepSeek-R1-Distill-Qwen-7B,0.004487179487179487,0.003205128205128205,0.0035612535612535613,0.006339468302658487,0.005112474437627812,0.005282890252215405,0.6933333333333336,0.8841666666666667,0.7525865800865801,0.12123820027045835,0.22043010752688172,0.14755773427500185,0.2370832383990278,0.3976608187134502,0.2845206450469609,0.0,0.0,0.0
internlm3-8b-instruct-gptq-int4,,,,,,,,,,,,,,,,,,
Qwen2.5-3B-Instruct-GPTQ-Int8,0.3936606128913822,0.3592589034896728,0.3616264651552235,0.4101139329138057,0.3850131463628397,0.3505730267233339,0.7183333333333334,0.8675,0.7611083361083361,,,,0.6806243707559496,0.7619883040935673,0.6812153489785067,0.760025062656642,0.642606516290727,0.6802005012531328
qwen-2.5-7b-chat-sparsegpt-un0.5,0.4890980960551093,0.5147949806603656,0.4770333440183386,,,,0.7816666666666666,0.9108333333333334,0.8185822510822511,0.07974910394265232,0.07168458781362007,0.07386072708653355,0.0,0.0,0.0,0.7983709273182962,0.7110275689223059,0.7449467825407674
